{"cameraMode":{"drawMode":0,"name":"Shaded","section":"Shading Mode"},"sceneLighting":true,"audioPlay":false,"sceneViewState":{"m_AlwaysRefresh":false,"showFog":true,"showSkybox":true,"showFlares":true,"showImageEffects":true,"showParticleSystems":true,"showVisualEffectGraphs":true,"m_FxEnabled":true},"in2DMode":false,"pivot":{"x":-1.5495433807373047,"y":-26.77109146118164,"z":51.5745849609375},"rotation":{"x":0.23216018080711366,"y":0.005834221374243498,"z":-0.0013871436240151525,"w":0.9726237654685974},"size":64.12608337402344,"orthographic":false}